
<config xmlns:xsi="http://www.w3.org/2001/XMLSchema-instance" xsi:noNamespaceSchemaLocation="urn:magento:framework:ObjectManager/etc/config.xsd">

    <type name="Magento\Framework\View\Element\UiComponent\DataProvider\FilterPool">
        <arguments>
            <argument name="appliers" xsi:type="array">
                <item name="regular" xsi:type="object">Magento\Framework\View\Element\UiComponent\DataProvider\RegularFilter</item>
                <item name="fulltext" xsi:type="object">Magento\Framework\View\Element\UiComponent\DataProvider\FulltextFilter</item>
            </argument>
        </arguments>
    </type>

    <virtualType name="Magento\Framework\View\Element\UiComponent\DataProvider\CollectionFactory">
        <arguments>
            <argument name="collections" xsi:type="array">
                <item name="wishlist_data_source" xsi:type="string">Wishlist\Import\Model\ResourceModel\Wishlist\Collection</item>
            </argument>
        </arguments>
    </virtualType>

   <!--  <type name="Custom\Purchased\Model\ResourceModel\Purchased\Grid\Collection">
        <arguments>
            <argument name="mainTable" xsi:type="string">import_product</argument>
            <argument name="eventPrefix" xsi:type="string">size_data_sizegrid_collection</argument>
            <argument name="eventObject" xsi:type="string">size_data_sizegrid_collection</argument>
            <argument name="resourceModel" xsi:type="string">Custom\Purchased\Model\ResourceModel\Purchased</argument>
        </arguments>
    </type> -->
    
    <!-- <virtualType name="PurchasedGridDataProvider" type="Magento\Framework\View\Element\UiComponent\DataProvider\DataProvider">
        <arguments>
            <argument name="collection" xsi:type="object" shared="false">Custom\Purchased\Model\ResourceModel\Purchased\Grid\Collection</argument>
        </arguments>
    </virtualType>
 -->
</config>